{"lr": 0.01, "data_time": 0.00030934810638427734, "loss": 0.8720272421836853, "time": 0.10223908424377441, "epoch": 1, "iter": 72, "memory": 876, "step": 72}
{"accuracy/top1": 79.89510345458984, "data_time": 1.6014359792073567, "time": 1.6523362265692816, "step": 1}
{"lr": 0.01, "data_time": 0.0004866600036621094, "loss": 0.8029315769672394, "time": 0.1020350694656372, "epoch": 2, "iter": 144, "memory": 876, "step": 144}
{"accuracy/top1": 85.83916473388672, "data_time": 0.005430987006739566, "time": 0.04103344365170127, "step": 2}
{"lr": 0.01, "data_time": 0.0003458261489868164, "loss": 0.6827738732099533, "time": 0.1018639087677002, "epoch": 3, "iter": 216, "memory": 876, "step": 216}
{"accuracy/top1": 88.28671264648438, "data_time": 0.005198026958264802, "time": 0.041455758245367756, "step": 3}
{"lr": 0.01, "data_time": 0.0005240917205810546, "loss": 0.4061513438820839, "time": 0.10027098655700684, "epoch": 4, "iter": 288, "memory": 876, "step": 288}
{"accuracy/top1": 89.33566284179688, "data_time": 0.006465347189652293, "time": 0.04285286602221037, "step": 4}
{"lr": 0.01, "data_time": 0.0001005411148071289, "loss": 0.35821121037006376, "time": 0.10088236331939697, "epoch": 5, "iter": 360, "memory": 876, "step": 360}
{"accuracy/top1": 90.55944061279297, "data_time": 0.005031021017777293, "time": 0.04118014636792635, "step": 5}
{"lr": 0.01, "data_time": 0.00045332908630371096, "loss": 0.3751354061067104, "time": 0.10268089771270753, "epoch": 6, "iter": 432, "memory": 876, "step": 432}
{"accuracy/top1": 93.00699615478516, "data_time": 0.005099472246671978, "time": 0.040574111436542715, "step": 6}
{"lr": 0.01, "data_time": 0.0007685422897338867, "loss": 0.412770726531744, "time": 0.10055186748504638, "epoch": 7, "iter": 504, "memory": 876, "step": 504}
{"accuracy/top1": 90.38461303710938, "data_time": 0.004688037069220292, "time": 0.04100862302278217, "step": 7}
{"lr": 0.01, "data_time": 0.00026137828826904296, "loss": 0.5336862705647946, "time": 0.10128979682922364, "epoch": 8, "iter": 576, "memory": 876, "step": 576}
{"accuracy/top1": 90.90908813476562, "data_time": 0.004807145972000926, "time": 0.0410049463573255, "step": 8}
{"lr": 0.01, "data_time": 0.0005602598190307617, "loss": 0.37697664797306063, "time": 0.10024096965789794, "epoch": 9, "iter": 648, "memory": 876, "step": 648}
{"accuracy/top1": 85.83916473388672, "data_time": 0.0050339196857653165, "time": 0.04073127947355572, "step": 9}
{"lr": 0.01, "data_time": 0.0005108594894409179, "loss": 0.40676475316286087, "time": 0.10064325332641602, "epoch": 10, "iter": 720, "memory": 876, "step": 720}
{"accuracy/top1": 91.4335708618164, "data_time": 0.004524406633879009, "time": 0.041155325739007244, "step": 10}
